{
    "dataset": "stl10",
    "iterations": [
        256,
        512,
        768,
        1024,
        1280,
        1536,
        1792,
        2048,
        2304,
        2560,
        2816,
        3072,
        3328,
        3584,
        3840,
        4096,
        4352,
        4608,
        4864,
        5120,
        5376,
        5632,
        5888,
        6144,
        6400,
        6656,
        6912,
        7168,
        7424,
        7680,
        7936,
        8192,
        8448,
        8704,
        8960,
        9216,
        9472,
        9728,
        9984,
        10240,
        10496,
        10752,
        11008,
        11264,
        11520,
        11776,
        12032,
        12288,
        12544,
        12800,
        13056,
        13312,
        13568,
        13824,
        14080,
        14336,
        14592,
        14848,
        15104,
        15360,
        15616,
        15872,
        16128,
        16384,
        16640
    ],
    "train_loss": [
        4.2647,
        0.2458,
        0.4406,
        0.4465,
        0.5401,
        0.7405,
        0.4132,
        0.541723,
        0.582,
        0.2846,
        0.3808,
        0.2215,
        0.6431,
        0.682,
        0.2816,
        0.245181,
        0.5561,
        0.2868,
        0.4218,
        0.2101,
        0.6337,
        0.4129,
        0.3733,
        0.497319,
        0.1103,
        0.599,
        0.6921,
        0.5989,
        0.4983,
        0.4191,
        0.4193,
        0.369904,
        0.4356,
        0.7201,
        0.239,
        0.6153,
        0.2603,
        0.2393,
        0.7726,
        0.316336,
        0.3452,
        0.3251,
        0.1102,
        0.8787,
        0.1915,
        0.3542,
        0.279,
        0.283281,
        0.3032,
        0.4065,
        0.3677,
        0.2283,
        0.469,
        0.38,
        0.3421,
        0.267572,
        0.3061,
        0.1714,
        0.109,
        0.3415,
        0.3773,
        0.0779,
        0.3267,
        0.737045,
        0.1846
    ],
    "eval_acc": [
        null,
        null,
        null,
        null,
        null,
        null,
        null,
        0.91325,
        null,
        null,
        null,
        null,
        null,
        null,
        null,
        0.927625,
        null,
        null,
        null,
        null,
        null,
        null,
        null,
        0.89025,
        null,
        null,
        null,
        null,
        null,
        null,
        null,
        0.916625,
        null,
        null,
        null,
        null,
        null,
        null,
        null,
        0.8945,
        null,
        null,
        null,
        null,
        null,
        null,
        null,
        0.91975,
        null,
        null,
        null,
        null,
        null,
        null,
        null,
        0.926625,
        null,
        null,
        null,
        null,
        null,
        null,
        null,
        0.872,
        null
    ],
    "lr": [
        0.0,
        0.0,
        0.0,
        0.0,
        0.0,
        0.0,
        0.0,
        4e-05,
        0.0,
        0.0001,
        0.0001,
        0.0001,
        0.0001,
        0.0001,
        0.0001,
        8e-05,
        0.0001,
        0.0001,
        0.0001,
        0.0001,
        0.0001,
        0.0001,
        0.0001,
        0.0001,
        0.0001,
        0.0001,
        0.0001,
        0.0001,
        0.0001,
        0.0001,
        0.0001,
        0.0001,
        0.0001,
        0.0001,
        0.0001,
        0.0001,
        0.0001,
        0.0001,
        0.0001,
        0.0001,
        0.0001,
        0.0001,
        0.0001,
        0.0001,
        0.0001,
        0.0001,
        0.0001,
        9.9e-05,
        0.0001,
        0.0001,
        0.0001,
        0.0001,
        0.0001,
        0.0001,
        0.0001,
        9.9e-05,
        0.0001,
        0.0001,
        0.0001,
        0.0001,
        0.0001,
        0.0001,
        0.0001,
        0.0001,
        0.0001
    ]
}