{"dataset": "food101", "num_unlabeled_samples": 505, "mean_confidence": 0.9718020558357239, "max_confidence": 1.0, "min_confidence": 0.40903493762016296, "pseudo_labels": [72, 0, 21, 0, 79, 37, 93, 1, 2, 2, 2, 44, 3, 48, 3, 3, 4, 4, 99, 40, 13, 36, 5, 5, 6, 6, 74, 6, 7, 7, 7, 7, 98, 42, 94, 73, 19, 99, 56, 9, 10, 10, 10, 99, 88, 11, 11, 11, 12, 12, 12, 12, 13, 86, 99, 13, 14, 14, 29, 14, 48, 89, 15, 48, 95, 16, 16, 52, 17, 95, 17, 17, 19, 57, 89, 70, 9, 19, 19, 19, 20, 20, 20, 20, 8, 21, 21, 21, 57, 73, 21, 21, 23, 23, 23, 23, 65, 65, 24, 24, 25, 25, 25, 25, 26, 39, 93, 26, 27, 35, 27, 27, 28, 26, 28, 28, 63, 29, 29, 63, 30, 30, 30, 30, 68, 31, 68, 62, 32, 52, 52, 32, 33, 33, 33, 33, 34, 34, 34, 34, 35, 35, 35, 35, 96, 36, 9, 61, 39, 77, 39, 39, 38, 38, 38, 99, 99, 22, 39, 93, 40, 40, 40, 40, 41, 41, 41, 22, 94, 42, 23, 42, 43, 43, 43, 57, 44, 44, 44, 44, 45, 45, 45, 45, 46, 76, 46, 46, 62, 89, 47, 47, 48, 48, 48, 11, 23, 49, 49, 49, 49, 50, 77, 50, 33, 51, 51, 51, 74, 19, 52, 97, 53, 53, 53, 53, 54, 54, 54, 54, 55, 16, 80, 53, 66, 56, 36, 56, 57, 57, 84, 81, 63, 58, 58, 58, 59, 59, 59, 59, 60, 60, 60, 60, 61, 61, 63, 61, 62, 62, 41, 84, 63, 63, 63, 63, 64, 64, 64, 64, 71, 65, 65, 65, 15, 15, 66, 66, 35, 61, 67, 67, 68, 53, 68, 43, 69, 69, 69, 69, 70, 70, 70, 70, 71, 71, 71, 71, 72, 72, 72, 72, 22, 73, 73, 73, 74, 52, 74, 74, 75, 75, 75, 75, 76, 76, 76, 76, 39, 26, 77, 77, 78, 78, 78, 28, 79, 37, 1, 79, 80, 80, 53, 25, 81, 81, 81, 81, 89, 47, 89, 89, 83, 83, 22, 83, 24, 84, 84, 84, 85, 85, 57, 85, 86, 86, 86, 86, 87, 99, 87, 87, 88, 88, 88, 88, 47, 18, 47, 89, 90, 90, 47, 90, 91, 91, 91, 91, 92, 92, 92, 92, 3, 37, 37, 93, 94, 94, 42, 94, 95, 95, 2, 84, 96, 96, 96, 96, 97, 97, 35, 97, 22, 22, 83, 98, 4, 4, 99, 61, 100, 100, 100, 100, 94, 1, 22, 3, 4, 5, 6, 7, 94, 9, 10, 11, 12, 13, 14, 15, 57, 17, 18, 96, 20, 21, 22, 63, 18, 25, 26, 27, 28, 31, 15, 31, 32, 33, 34, 35, 36, 37, 38, 8, 40, 41, 42, 43, 44, 45, 46, 47, 13, 49, 77, 51, 52, 53, 54, 55, 56, 57, 58, 59, 60, 61, 76, 29, 64, 65, 66, 67, 68, 69, 70, 71, 72, 22, 74, 75, 76, 50, 78, 79, 80, 75, 24, 83, 84, 85, 86, 87, 88, 24, 90, 91, 92, 77, 94, 2, 96, 63, 98, 15, 100]}