{"dataset": "eurosat", "num_unlabeled_samples": 50, "mean_confidence": 0.9849157929420471, "max_confidence": 0.9999614953994751, "min_confidence": 0.5125348567962646, "pseudo_labels": [0, 0, 0, 0, 1, 1, 1, 1, 6, 2, 6, 2, 3, 3, 3, 3, 4, 4, 4, 4, 5, 5, 5, 6, 6, 6, 6, 2, 7, 7, 7, 7, 8, 8, 8, 8, 9, 9, 9, 9, 0, 5, 2, 3, 4, 5, 6, 7, 8, 9]}