{"dataset": "cifar100", "num_unlabeled_samples": 300, "mean_confidence": 0.9812005758285522, "max_confidence": 0.9999998807907104, "min_confidence": 0.41734880208969116, "pseudo_labels": [0, 0, 1, 1, 2, 2, 3, 3, 4, 4, 5, 5, 6, 6, 24, 7, 8, 8, 9, 9, 32, 22, 46, 35, 12, 12, 13, 13, 14, 14, 15, 15, 10, 16, 17, 17, 18, 18, 19, 19, 20, 20, 21, 21, 22, 22, 23, 64, 24, 24, 25, 25, 26, 26, 27, 27, 10, 10, 29, 29, 73, 95, 31, 31, 91, 91, 59, 33, 34, 34, 46, 35, 36, 36, 56, 37, 38, 38, 39, 39, 40, 40, 41, 41, 42, 42, 43, 43, 44, 18, 45, 45, 11, 98, 52, 40, 48, 48, 49, 49, 36, 36, 51, 51, 47, 47, 53, 53, 70, 70, 55, 55, 56, 56, 0, 57, 58, 58, 52, 52, 68, 60, 61, 61, 62, 92, 63, 63, 50, 64, 65, 65, 66, 16, 32, 67, 68, 68, 69, 69, 54, 92, 71, 71, 72, 27, 30, 30, 74, 74, 75, 75, 76, 76, 77, 77, 78, 78, 79, 79, 80, 80, 81, 81, 82, 82, 83, 83, 94, 84, 85, 85, 86, 86, 87, 87, 88, 88, 89, 89, 90, 90, 91, 91, 54, 62, 93, 93, 94, 94, 95, 95, 96, 96, 97, 97, 46, 46, 99, 99, 0, 1, 2, 3, 4, 5, 6, 7, 8, 9, 10, 35, 12, 13, 14, 15, 16, 17, 18, 19, 5, 21, 22, 49, 7, 25, 26, 27, 28, 29, 65, 31, 32, 33, 34, 35, 36, 37, 38, 39, 40, 41, 42, 43, 44, 45, 11, 52, 48, 49, 64, 51, 59, 53, 70, 55, 56, 57, 58, 47, 60, 61, 62, 63, 64, 65, 66, 67, 68, 69, 62, 71, 55, 73, 74, 75, 76, 77, 78, 79, 80, 81, 82, 83, 84, 85, 86, 87, 88, 89, 90, 91, 92, 93, 94, 30, 33, 97, 98, 99]}